{
  "model_name": "Random Forest",
  "accuracy": 1.0,
  "cv_mean": 0.99825,
  "cv_std": 0.0018708286933869693,
  "features": [
    "age",
    "gender",
    "hemoglobin",
    "rbc_count",
    "mcv",
    "mch",
    "mchc",
    "hematocrit",
    "iron_level",
    "ferritin",
    "diet_quality",
    "chronic_disease",
    "pregnancy",
    "family_history_anemia",
    "fatigue",
    "pale_skin",
    "shortness_of_breath",
    "dizziness",
    "cold_hands_feet",
    "bmi"
  ],
  "classes": {
    "0": "Normal",
    "1": "Mild Anemia",
    "2": "Moderate Anemia",
    "3": "Severe Anemia"
  },
  "feature_importance": {
    "hemoglobin": 0.42875821280397847,
    "hematocrit": 0.24868199372486957,
    "iron_level": 0.09752251032444206,
    "fatigue": 0.04918363698245198,
    "gender": 0.037573257604868716,
    "pale_skin": 0.019802866825088226,
    "dizziness": 0.019569029324113574,
    "bmi": 0.01345029387191642,
    "rbc_count": 0.013017152100604607,
    "mcv": 0.012662971488531375,
    "age": 0.012462808270891437,
    "mch": 0.012198281184637852,
    "ferritin": 0.01202318646799062,
    "mchc": 0.011175686614693443,
    "diet_quality": 0.003292207559064504,
    "family_history_anemia": 0.002026158558874326,
    "shortness_of_breath": 0.0019712420301240753,
    "pregnancy": 0.0017484654693952072,
    "cold_hands_feet": 0.0014875829068160594,
    "chronic_disease": 0.001392455886647514
  },
  "training_samples": 4000,
  "test_samples": 1000
}